,ISO,Country.or.Area,Subgroup.x,Year.x,Source.x,Unit.x,percentWithAIDS,Value.Footnotes.x,Subgroup.y,Year.y,Source.y,Unit.y,CPR,Value.Footnotes.y,Subgroup.x,Year.x,Source.x,Unit.x,Population,Value.Footnotes.x,Subgroup.y,Year.y,Source.y,Unit.y,MMR,Value.Footnotes.y,Subgroup.x,Year.x,Source.x,Unit.x,HealthExpenditure,Value.Footnotes.x,Subgroup.y,Year.y,Source.y,Unit.y,percGrowth_GDP,Value.Footnotes.y,Subgroup,Year,Source,Unit,CBR,Value.Footnotes
1,ARG,Argentina,Total 15-49 yr,2011,"UN_Joint United Nations Programme on HIV/AIDS (UNAIDS), Report on the Global AIDS Epidemic estimates, 2012",Percent,0.4,NA,Female 15-49 yr,2007-2012,"UN_Demographic and Health Surveys (DHS), Multiple Indicator Cluster Surveys (MICS) and other national surveys; United Nations Population Division",Percent,78,2,Total,2011,UN_United Nations Population Division,Thousand,40765,NA,Total,2010,"UN_WHO, UNICEF, UNFPA and World Bank","Deaths per 100,000 live births",77,1,Total,2007-2010,UN_World Bank,Percent,6,1,Total,1990-2011,UN_World Bank,Percent,2.3,NA,Total,2011,UN_United Nations Population Division,Per 1000 population,17,NA
2,ARM,Armenia,Total 15-49 yr,2011,"UN_Joint United Nations Programme on HIV/AIDS (UNAIDS), Report on the Global AIDS Epidemic estimates, 2012",Percent,0.2,NA,Female 15-49 yr,2007-2012,"UN_Demographic and Health Surveys (DHS), Multiple Indicator Cluster Surveys (MICS) and other national surveys; United Nations Population Division",Percent,55,1,Total,2011,UN_United Nations Population Division,Thousand,3100,NA,Total,2010,"UN_WHO, UNICEF, UNFPA and World Bank","Deaths per 100,000 live births",30,1,Total,2007-2010,UN_World Bank,Percent,2,1,Total,1990-2011,UN_World Bank,Percent,6.1,NA,Total,2011,UN_United Nations Population Division,Per 1000 population,15,NA
3,AUS,Australia,Total 15-49 yr,2011,"UN_Joint United Nations Programme on HIV/AIDS (UNAIDS), Report on the Global AIDS Epidemic estimates, 2012",Percent,0.2,NA,Female 15-49 yr,2007-2012,"UN_Demographic and Health Surveys (DHS), Multiple Indicator Cluster Surveys (MICS) and other national surveys; United Nations Population Division",Percent,71,2,Total,2011,UN_United Nations Population Division,Thousand,22606,NA,Total,2010,"UN_WHO, UNICEF, UNFPA and World Bank","Deaths per 100,000 live births",7,1,Total,2007-2010,UN_World Bank,Percent,6,1,Total,1990-2011,UN_World Bank,Percent,2.2,NA,Total,2011,UN_United Nations Population Division,Per 1000 population,14,NA
4,AZE,Azerbaijan,Total 15-49 yr,2011,"UN_Joint United Nations Programme on HIV/AIDS (UNAIDS), Report on the Global AIDS Epidemic estimates, 2012",Percent,0.1,NA,Female 15-49 yr,2007-2012,"UN_Demographic and Health Surveys (DHS), Multiple Indicator Cluster Surveys (MICS) and other national surveys; United Nations Population Division",Percent,51,2,Total,2011,UN_United Nations Population Division,Thousand,9306,NA,Total,2010,"UN_WHO, UNICEF, UNFPA and World Bank","Deaths per 100,000 live births",43,1,Total,2007-2010,UN_World Bank,Percent,1,1,Total,1990-2011,UN_World Bank,Percent,5.9,NA,Total,2011,UN_United Nations Population Division,Per 1000 population,20,NA
5,BHS,Bahamas,Total 15-49 yr,2011,"UN_Joint United Nations Programme on HIV/AIDS (UNAIDS), Report on the Global AIDS Epidemic estimates, 2012",Percent,2.8,NA,Female 15-49 yr,2007-2012,"UN_Demographic and Health Surveys (DHS), Multiple Indicator Cluster Surveys (MICS) and other national surveys; United Nations Population Division",Percent,45,2,Total,2011,UN_United Nations Population Division,Thousand,347,NA,Total,2010,"UN_WHO, UNICEF, UNFPA and World Bank","Deaths per 100,000 live births",47,1,Total,2007-2010,UN_World Bank,Percent,3,1,Total,1990-2011,UN_World Bank,Percent,0.7,NA,Total,2011,UN_United Nations Population Division,Per 1000 population,15,NA
6,BGD,Bangladesh,Total 15-49 yr,2011,"UN_Joint United Nations Programme on HIV/AIDS (UNAIDS), Report on the Global AIDS Epidemic estimates, 2012",Percent,0,NA,Female 15-49 yr,2007-2012,"UN_Demographic and Health Surveys (DHS), Multiple Indicator Cluster Surveys (MICS) and other national surveys; United Nations Population Division",Percent,61,1,Total,2011,UN_United Nations Population Division,Thousand,150494,NA,Total,2010,"UN_WHO, UNICEF, UNFPA and World Bank","Deaths per 100,000 live births",240,1,Total,2007-2010,UN_World Bank,Percent,1,1,Total,1990-2011,UN_World Bank,Percent,3.6,NA,Total,2011,UN_United Nations Population Division,Per 1000 population,20,NA
7,BLR,Belarus,Total 15-49 yr,2011,"UN_Joint United Nations Programme on HIV/AIDS (UNAIDS), Report on the Global AIDS Epidemic estimates, 2012",Percent,0.4,NA,Female 15-49 yr,2007-2012,"UN_Demographic and Health Surveys (DHS), Multiple Indicator Cluster Surveys (MICS) and other national surveys; United Nations Population Division",Percent,73,2,Total,2011,UN_United Nations Population Division,Thousand,9559,NA,Total,2010,"UN_WHO, UNICEF, UNFPA and World Bank","Deaths per 100,000 live births",4,1,Total,2007-2010,UN_World Bank,Percent,4,1,Total,1990-2011,UN_World Bank,Percent,4.7,NA,Total,2011,UN_United Nations Population Division,Per 1000 population,11,NA
8,BEL,Belgium,Total 15-49 yr,2011,"UN_Joint United Nations Programme on HIV/AIDS (UNAIDS), Report on the Global AIDS Epidemic estimates, 2012",Percent,0.3,NA,Female 15-49 yr,2007-2012,"UN_Demographic and Health Surveys (DHS), Multiple Indicator Cluster Surveys (MICS) and other national surveys; United Nations Population Division",Percent,75,2,Total,2011,UN_United Nations Population Division,Thousand,10754,NA,Total,2010,"UN_WHO, UNICEF, UNFPA and World Bank","Deaths per 100,000 live births",8,1,Total,2007-2010,UN_World Bank,Percent,7,1,Total,1990-2011,UN_World Bank,Percent,1.6,NA,Total,2011,UN_United Nations Population Division,Per 1000 population,11,NA
9,BLZ,Belize,Total 15-49 yr,2011,"UN_Joint United Nations Programme on HIV/AIDS (UNAIDS), Report on the Global AIDS Epidemic estimates, 2012",Percent,2.3,NA,Female 15-49 yr,2007-2012,"UN_Demographic and Health Surveys (DHS), Multiple Indicator Cluster Surveys (MICS) and other national surveys; United Nations Population Division",Percent,34,2,Total,2011,UN_United Nations Population Division,Thousand,318,NA,Total,2010,"UN_WHO, UNICEF, UNFPA and World Bank","Deaths per 100,000 live births",53,1,Total,2007-2010,UN_World Bank,Percent,4,1,Total,1990-2011,UN_World Bank,Percent,1.8,NA,Total,2011,UN_United Nations Population Division,Per 1000 population,24,NA
10,BEN,Benin,Total 15-49 yr,2011,"UN_Joint United Nations Programme on HIV/AIDS (UNAIDS), Report on the Global AIDS Epidemic estimates, 2012",Percent,1.2,NA,Female 15-49 yr,2007-2012,"UN_Demographic and Health Surveys (DHS), Multiple Indicator Cluster Surveys (MICS) and other national surveys; United Nations Population Division",Percent,13,1,Total,2011,UN_United Nations Population Division,Thousand,9100,NA,Total,2010,"UN_WHO, UNICEF, UNFPA and World Bank","Deaths per 100,000 live births",350,1,Total,2007-2010,UN_World Bank,Percent,2,1,Total,1990-2011,UN_World Bank,Percent,1.3,NA,Total,2011,UN_United Nations Population Division,Per 1000 population,39,NA
11,BTN,Bhutan,Total 15-49 yr,2011,"UN_Joint United Nations Programme on HIV/AIDS (UNAIDS), Report on the Global AIDS Epidemic estimates, 2012",Percent,0.3,NA,Female 15-49 yr,2007-2012,"UN_Demographic and Health Surveys (DHS), Multiple Indicator Cluster Surveys (MICS) and other national surveys; United Nations Population Division",Percent,66,1,Total,2011,UN_United Nations Population Division,Thousand,738,NA,Total,2010,"UN_WHO, UNICEF, UNFPA and World Bank","Deaths per 100,000 live births",180,1,Total,2007-2010,UN_World Bank,Percent,5,1,Total,1990-2011,UN_World Bank,Percent,5.3,NA,Total,2011,UN_United Nations Population Division,Per 1000 population,20,NA
12,BOL,Bolivia,Total 15-49 yr,2011,"UN_Joint United Nations Programme on HIV/AIDS (UNAIDS), Report on the Global AIDS Epidemic estimates, 2012",Percent,0.3,NA,Female 15-49 yr,2007-2012,"UN_Demographic and Health Surveys (DHS), Multiple Indicator Cluster Surveys (MICS) and other national surveys; United Nations Population Division",Percent,61,1,Total,2011,UN_United Nations Population Division,Thousand,10088,NA,Total,2010,"UN_WHO, UNICEF, UNFPA and World Bank","Deaths per 100,000 live births",190,1,Total,2007-2010,UN_World Bank,Percent,3,1,Total,1990-2011,UN_World Bank,Percent,1.6,NA,Total,2011,UN_United Nations Population Division,Per 1000 population,26,NA
13,BWA,Botswana,Total 15-49 yr,2011,"UN_Joint United Nations Programme on HIV/AIDS (UNAIDS), Report on the Global AIDS Epidemic estimates, 2012",Percent,23.4,NA,Female 15-49 yr,2007-2012,"UN_Demographic and Health Surveys (DHS), Multiple Indicator Cluster Surveys (MICS) and other national surveys; United Nations Population Division",Percent,53,1,Total,2011,UN_United Nations Population Division,Thousand,2031,NA,Total,2010,"UN_WHO, UNICEF, UNFPA and World Bank","Deaths per 100,000 live births",160,1,Total,2007-2010,UN_World Bank,Percent,8,1,Total,1990-2011,UN_World Bank,Percent,3.4,NA,Total,2011,UN_United Nations Population Division,Per 1000 population,23,NA
14,BRA,Brazil,Total 15-49 yr,2011,"UN_Joint United Nations Programme on HIV/AIDS (UNAIDS), Report on the Global AIDS Epidemic estimates, 2012",Percent,0.3,NA,Female 15-49 yr,2007-2012,"UN_Demographic and Health Surveys (DHS), Multiple Indicator Cluster Surveys (MICS) and other national surveys; United Nations Population Division",Percent,81,2,Total,2011,UN_United Nations Population Division,Thousand,196655,NA,Total,2010,"UN_WHO, UNICEF, UNFPA and World Bank","Deaths per 100,000 live births",56,1,Total,2007-2010,UN_World Bank,Percent,4,1,Total,1990-2011,UN_World Bank,Percent,1.6,NA,Total,2011,UN_United Nations Population Division,Per 1000 population,15,NA
15,BFA,Burkina Faso,Total 15-49 yr,2011,"UN_Joint United Nations Programme on HIV/AIDS (UNAIDS), Report on the Global AIDS Epidemic estimates, 2012",Percent,1.1,NA,Female 15-49 yr,2007-2012,"UN_Demographic and Health Surveys (DHS), Multiple Indicator Cluster Surveys (MICS) and other national surveys; United Nations Population Division",Percent,16,1,Total,2011,UN_United Nations Population Division,Thousand,16968,NA,Total,2010,"UN_WHO, UNICEF, UNFPA and World Bank","Deaths per 100,000 live births",300,1,Total,2007-2010,UN_World Bank,Percent,4,1,Total,1990-2011,UN_World Bank,Percent,2.8,NA,Total,2011,UN_United Nations Population Division,Per 1000 population,43,NA
16,BDI,Burundi,Total 15-49 yr,2011,"UN_Joint United Nations Programme on HIV/AIDS (UNAIDS), Report on the Global AIDS Epidemic estimates, 2012",Percent,1.3,NA,Female 15-49 yr,2007-2012,"UN_Demographic and Health Surveys (DHS), Multiple Indicator Cluster Surveys (MICS) and other national surveys; United Nations Population Division",Percent,22,1,Total,2011,UN_United Nations Population Division,Thousand,8575,NA,Total,2010,"UN_WHO, UNICEF, UNFPA and World Bank","Deaths per 100,000 live births",800,1,Total,2007-2010,UN_World Bank,Percent,5,1,Total,1990-2011,UN_World Bank,Percent,-1.4,NA,Total,2011,UN_United Nations Population Division,Per 1000 population,34,NA
17,KHM,Cambodia,Total 15-49 yr,2011,"UN_Joint United Nations Programme on HIV/AIDS (UNAIDS), Report on the Global AIDS Epidemic estimates, 2012",Percent,0.6,NA,Female 15-49 yr,2007-2012,"UN_Demographic and Health Surveys (DHS), Multiple Indicator Cluster Surveys (MICS) and other national surveys; United Nations Population Division",Percent,51,1,Total,2011,UN_United Nations Population Division,Thousand,14305,NA,Total,2010,"UN_WHO, UNICEF, UNFPA and World Bank","Deaths per 100,000 live births",250,1,Total,2007-2010,UN_World Bank,Percent,2,1,Total,1990-2011,UN_World Bank,Percent,6.5,1,Total,2011,UN_United Nations Population Division,Per 1000 population,22,NA
18,CMR,Cameroon,Total 15-49 yr,2011,"UN_Joint United Nations Programme on HIV/AIDS (UNAIDS), Report on the Global AIDS Epidemic estimates, 2012",Percent,4.6,NA,Female 15-49 yr,2007-2012,"UN_Demographic and Health Surveys (DHS), Multiple Indicator Cluster Surveys (MICS) and other national surveys; United Nations Population Division",Percent,23,1,Total,2011,UN_United Nations Population Division,Thousand,20030,NA,Total,2010,"UN_WHO, UNICEF, UNFPA and World Bank","Deaths per 100,000 live births",690,1,Total,2007-2010,UN_World Bank,Percent,2,1,Total,1990-2011,UN_World Bank,Percent,0.8,NA,Total,2011,UN_United Nations Population Division,Per 1000 population,36,NA
19,CAN,Canada,Total 15-49 yr,2011,"UN_Joint United Nations Programme on HIV/AIDS (UNAIDS), Report on the Global AIDS Epidemic estimates, 2012",Percent,0.3,NA,Female 15-49 yr,2007-2012,"UN_Demographic and Health Surveys (DHS), Multiple Indicator Cluster Surveys (MICS) and other national surveys; United Nations Population Division",Percent,74,2,Total,2011,UN_United Nations Population Division,Thousand,34350,NA,Total,2010,"UN_WHO, UNICEF, UNFPA and World Bank","Deaths per 100,000 live births",12,1,Total,2007-2010,UN_World Bank,Percent,7,1,Total,1990-2011,UN_World Bank,Percent,1.8,NA,Total,2011,UN_United Nations Population Division,Per 1000 population,11,NA
20,CPV,Cape Verde,Total 15-49 yr,2011,"UN_Joint United Nations Programme on HIV/AIDS (UNAIDS), Report on the Global AIDS Epidemic estimates, 2012",Percent,1,NA,Female 15-49 yr,2007-2012,"UN_Demographic and Health Surveys (DHS), Multiple Indicator Cluster Surveys (MICS) and other national surveys; United Nations Population Division",Percent,61,2,Total,2011,UN_United Nations Population Division,Thousand,501,NA,Total,2010,"UN_WHO, UNICEF, UNFPA and World Bank","Deaths per 100,000 live births",79,1,Total,2007-2010,UN_World Bank,Percent,3,1,Total,1990-2011,UN_World Bank,Percent,5,NA,Total,2011,UN_United Nations Population Division,Per 1000 population,20,NA
21,CAF,Central African Republic,Total 15-49 yr,2011,"UN_Joint United Nations Programme on HIV/AIDS (UNAIDS), Report on the Global AIDS Epidemic estimates, 2012",Percent,4.6,NA,Female 15-49 yr,2007-2012,"UN_Demographic and Health Surveys (DHS), Multiple Indicator Cluster Surveys (MICS) and other national surveys; United Nations Population Division",Percent,15,1,Total,2011,UN_United Nations Population Division,Thousand,4487,NA,Total,2010,"UN_WHO, UNICEF, UNFPA and World Bank","Deaths per 100,000 live births",890,1,Total,2007-2010,UN_World Bank,Percent,2,1,Total,1990-2011,UN_World Bank,Percent,-0.5,NA,Total,2011,UN_United Nations Population Division,Per 1000 population,35,NA
22,TCD,Chad,Total 15-49 yr,2011,"UN_Joint United Nations Programme on HIV/AIDS (UNAIDS), Report on the Global AIDS Epidemic estimates, 2012",Percent,3.1,NA,Female 15-49 yr,2007-2012,"UN_Demographic and Health Surveys (DHS), Multiple Indicator Cluster Surveys (MICS) and other national surveys; United Nations Population Division",Percent,5,1,Total,2011,UN_United Nations Population Division,Thousand,11525,NA,Total,2010,"UN_WHO, UNICEF, UNFPA and World Bank","Deaths per 100,000 live births",1100,1,Total,2007-2010,UN_World Bank,Percent,4,1,Total,1990-2011,UN_World Bank,Percent,3.1,NA,Total,2011,UN_United Nations Population Division,Per 1000 population,44,NA
23,CHL,Chile,Total 15-49 yr,2011,"UN_Joint United Nations Programme on HIV/AIDS (UNAIDS), Report on the Global AIDS Epidemic estimates, 2012",Percent,0.5,NA,Female 15-49 yr,2007-2012,"UN_Demographic and Health Surveys (DHS), Multiple Indicator Cluster Surveys (MICS) and other national surveys; United Nations Population Division",Percent,58,2,Total,2011,UN_United Nations Population Division,Thousand,17270,NA,Total,2010,"UN_WHO, UNICEF, UNFPA and World Bank","Deaths per 100,000 live births",25,1,Total,2007-2010,UN_World Bank,Percent,4,1,Total,1990-2011,UN_World Bank,Percent,3.4,NA,Total,2011,UN_United Nations Population Division,Per 1000 population,14,NA
24,CHN,China,Total 15-49 yr,2011,"UN_Joint United Nations Programme on HIV/AIDS (UNAIDS), Report on the Global AIDS Epidemic estimates, 2012",Percent,0,NA,Female 15-49 yr,2007-2012,"UN_Demographic and Health Surveys (DHS), Multiple Indicator Cluster Surveys (MICS) and other national surveys; United Nations Population Division",Percent,85,2,Total,2011,UN_United Nations Population Division,Thousand,1347565,NA,Total,2010,"UN_WHO, UNICEF, UNFPA and World Bank","Deaths per 100,000 live births",37,1,Total,2007-2010,UN_World Bank,Percent,2,1,Total,1990-2011,UN_World Bank,Percent,9.3,NA,Total,2011,UN_United Nations Population Division,Per 1000 population,12,NA
25,COL,Colombia,Total 15-49 yr,2011,"UN_Joint United Nations Programme on HIV/AIDS (UNAIDS), Report on the Global AIDS Epidemic estimates, 2012",Percent,0.5,NA,Female 15-49 yr,2007-2012,"UN_Demographic and Health Surveys (DHS), Multiple Indicator Cluster Surveys (MICS) and other national surveys; United Nations Population Division",Percent,79,1,Total,2011,UN_United Nations Population Division,Thousand,46927,NA,Total,2010,"UN_WHO, UNICEF, UNFPA and World Bank","Deaths per 100,000 live births",92,1,Total,2007-2010,UN_World Bank,Percent,5,1,Total,1990-2011,UN_World Bank,Percent,1.6,NA,Total,2011,UN_United Nations Population Division,Per 1000 population,19,NA
26,COM,Comoros,Total 15-49 yr,2011,"UN_Joint United Nations Programme on HIV/AIDS (UNAIDS), Report on the Global AIDS Epidemic estimates, 2012",Percent,0.1,NA,Female 15-49 yr,2007-2012,"UN_Demographic and Health Surveys (DHS), Multiple Indicator Cluster Surveys (MICS) and other national surveys; United Nations Population Division",Percent,26,2,Total,2011,UN_United Nations Population Division,Thousand,754,NA,Total,2010,"UN_WHO, UNICEF, UNFPA and World Bank","Deaths per 100,000 live births",280,1,Total,2007-2010,UN_World Bank,Percent,2,1,Total,1990-2011,UN_World Bank,Percent,-0.8,NA,Total,2011,UN_United Nations Population Division,Per 1000 population,37,NA
27,CRI,Costa Rica,Total 15-49 yr,2011,"UN_Joint United Nations Programme on HIV/AIDS (UNAIDS), Report on the Global AIDS Epidemic estimates, 2012",Percent,0.3,NA,Female 15-49 yr,2007-2012,"UN_Demographic and Health Surveys (DHS), Multiple Indicator Cluster Surveys (MICS) and other national surveys; United Nations Population Division",Percent,82,1,Total,2011,UN_United Nations Population Division,Thousand,4727,NA,Total,2010,"UN_WHO, UNICEF, UNFPA and World Bank","Deaths per 100,000 live births",40,1,Total,2007-2010,UN_World Bank,Percent,7,1,Total,1990-2011,UN_World Bank,Percent,2.6,NA,Total,2011,UN_United Nations Population Division,Per 1000 population,16,NA
28,CUB,Cuba,Total 15-49 yr,2011,"UN_Joint United Nations Programme on HIV/AIDS (UNAIDS), Report on the Global AIDS Epidemic estimates, 2012",Percent,0.2,NA,Female 15-49 yr,2007-2012,"UN_Demographic and Health Surveys (DHS), Multiple Indicator Cluster Surveys (MICS) and other national surveys; United Nations Population Division",Percent,74,1,Total,2011,UN_United Nations Population Division,Thousand,11254,NA,Total,2010,"UN_WHO, UNICEF, UNFPA and World Bank","Deaths per 100,000 live births",73,1,Total,2007-2010,UN_World Bank,Percent,11,1,Total,1990-2011,UN_World Bank,Percent,3,1,Total,2011,UN_United Nations Population Division,Per 1000 population,10,NA
29,DJI,Djibouti,Total 15-49 yr,2011,"UN_Joint United Nations Programme on HIV/AIDS (UNAIDS), Report on the Global AIDS Epidemic estimates, 2012",Percent,1.4,NA,Female 15-49 yr,2007-2012,"UN_Demographic and Health Surveys (DHS), Multiple Indicator Cluster Surveys (MICS) and other national surveys; United Nations Population Division",Percent,23,1,Total,2011,UN_United Nations Population Division,Thousand,906,NA,Total,2010,"UN_WHO, UNICEF, UNFPA and World Bank","Deaths per 100,000 live births",200,1,Total,2007-2010,UN_World Bank,Percent,5,1,Total,1990-2011,UN_World Bank,Percent,-1.4,1,Total,2011,UN_United Nations Population Division,Per 1000 population,29,NA
30,DOM,Dominican Republic,Total 15-49 yr,2011,"UN_Joint United Nations Programme on HIV/AIDS (UNAIDS), Report on the Global AIDS Epidemic estimates, 2012",Percent,0.7,NA,Female 15-49 yr,2007-2012,"UN_Demographic and Health Surveys (DHS), Multiple Indicator Cluster Surveys (MICS) and other national surveys; United Nations Population Division",Percent,73,1,Total,2011,UN_United Nations Population Division,Thousand,10056,NA,Total,2010,"UN_WHO, UNICEF, UNFPA and World Bank","Deaths per 100,000 live births",150,1,Total,2007-2010,UN_World Bank,Percent,2,1,Total,1990-2011,UN_World Bank,Percent,3.9,NA,Total,2011,UN_United Nations Population Division,Per 1000 population,21,NA
31,ECU,Ecuador,Total 15-49 yr,2011,"UN_Joint United Nations Programme on HIV/AIDS (UNAIDS), Report on the Global AIDS Epidemic estimates, 2012",Percent,0.4,NA,Female 15-49 yr,2007-2012,"UN_Demographic and Health Surveys (DHS), Multiple Indicator Cluster Surveys (MICS) and other national surveys; United Nations Population Division",Percent,73,2,Total,2011,UN_United Nations Population Division,Thousand,14666,NA,Total,2010,"UN_WHO, UNICEF, UNFPA and World Bank","Deaths per 100,000 live births",110,1,Total,2007-2010,UN_World Bank,Percent,3,1,Total,1990-2011,UN_World Bank,Percent,1.5,NA,Total,2011,UN_United Nations Population Division,Per 1000 population,20,NA
32,EGY,Egypt,Total 15-49 yr,2011,"UN_Joint United Nations Programme on HIV/AIDS (UNAIDS), Report on the Global AIDS Epidemic estimates, 2012",Percent,0,NA,Female 15-49 yr,2007-2012,"UN_Demographic and Health Surveys (DHS), Multiple Indicator Cluster Surveys (MICS) and other national surveys; United Nations Population Division",Percent,60,1,Total,2011,UN_United Nations Population Division,Thousand,82537,NA,Total,2010,"UN_WHO, UNICEF, UNFPA and World Bank","Deaths per 100,000 live births",66,1,Total,2007-2010,UN_World Bank,Percent,2,1,Total,1990-2011,UN_World Bank,Percent,2.8,NA,Total,2011,UN_United Nations Population Division,Per 1000 population,23,NA
33,SLV,El Salvador,Total 15-49 yr,2011,"UN_Joint United Nations Programme on HIV/AIDS (UNAIDS), Report on the Global AIDS Epidemic estimates, 2012",Percent,0.6,NA,Female 15-49 yr,2007-2012,"UN_Demographic and Health Surveys (DHS), Multiple Indicator Cluster Surveys (MICS) and other national surveys; United Nations Population Division",Percent,73,1,Total,2011,UN_United Nations Population Division,Thousand,6227,NA,Total,2010,"UN_WHO, UNICEF, UNFPA and World Bank","Deaths per 100,000 live births",81,1,Total,2007-2010,UN_World Bank,Percent,4,1,Total,1990-2011,UN_World Bank,Percent,2.4,NA,Total,2011,UN_United Nations Population Division,Per 1000 population,20,NA
34,GNQ,Equatorial Guinea,Total 15-49 yr,2011,"UN_Joint United Nations Programme on HIV/AIDS (UNAIDS), Report on the Global AIDS Epidemic estimates, 2012",Percent,4.7,NA,Female 15-49 yr,2007-2012,"UN_Demographic and Health Surveys (DHS), Multiple Indicator Cluster Surveys (MICS) and other national surveys; United Nations Population Division",Percent,10,2,Total,2011,UN_United Nations Population Division,Thousand,720,NA,Total,2010,"UN_WHO, UNICEF, UNFPA and World Bank","Deaths per 100,000 live births",240,1,Total,2007-2010,UN_World Bank,Percent,3,1,Total,1990-2011,UN_World Bank,Percent,18.2,NA,Total,2011,UN_United Nations Population Division,Per 1000 population,36,NA
35,ERI,Eritrea,Total 15-49 yr,2011,"UN_Joint United Nations Programme on HIV/AIDS (UNAIDS), Report on the Global AIDS Epidemic estimates, 2012",Percent,0.6,NA,Female 15-49 yr,2007-2012,"UN_Demographic and Health Surveys (DHS), Multiple Indicator Cluster Surveys (MICS) and other national surveys; United Nations Population Division",Percent,8,2,Total,2011,UN_United Nations Population Division,Thousand,5415,NA,Total,2010,"UN_WHO, UNICEF, UNFPA and World Bank","Deaths per 100,000 live births",240,1,Total,2007-2010,UN_World Bank,Percent,1,1,Total,1990-2011,UN_World Bank,Percent,-0.8,1,Total,2011,UN_United Nations Population Division,Per 1000 population,36,NA
36,ETH,Ethiopia,Total 15-49 yr,2011,"UN_Joint United Nations Programme on HIV/AIDS (UNAIDS), Report on the Global AIDS Epidemic estimates, 2012",Percent,1.4,NA,Female 15-49 yr,2007-2012,"UN_Demographic and Health Surveys (DHS), Multiple Indicator Cluster Surveys (MICS) and other national surveys; United Nations Population Division",Percent,29,1,Total,2011,UN_United Nations Population Division,Thousand,84734,NA,Total,2010,"UN_WHO, UNICEF, UNFPA and World Bank","Deaths per 100,000 live births",350,1,Total,2007-2010,UN_World Bank,Percent,2,1,Total,1990-2011,UN_World Bank,Percent,3.3,NA,Total,2011,UN_United Nations Population Division,Per 1000 population,31,NA
37,FJI,Fiji,Total 15-49 yr,2011,"UN_Joint United Nations Programme on HIV/AIDS (UNAIDS), Report on the Global AIDS Epidemic estimates, 2012",Percent,0.1,NA,Female 15-49 yr,2007-2012,"UN_Demographic and Health Surveys (DHS), Multiple Indicator Cluster Surveys (MICS) and other national surveys; United Nations Population Division",Percent,32,1,Total,2011,UN_United Nations Population Division,Thousand,868,NA,Total,2010,"UN_WHO, UNICEF, UNFPA and World Bank","Deaths per 100,000 live births",26,1,Total,2007-2010,UN_World Bank,Percent,3,1,Total,1990-2011,UN_World Bank,Percent,1.3,NA,Total,2011,UN_United Nations Population Division,Per 1000 population,21,NA
38,FRA,France,Total 15-49 yr,2011,"UN_Joint United Nations Programme on HIV/AIDS (UNAIDS), Report on the Global AIDS Epidemic estimates, 2012",Percent,0.4,NA,Female 15-49 yr,2007-2012,"UN_Demographic and Health Surveys (DHS), Multiple Indicator Cluster Surveys (MICS) and other national surveys; United Nations Population Division",Percent,71,2,Total,2011,UN_United Nations Population Division,Thousand,63126,NA,Total,2010,"UN_WHO, UNICEF, UNFPA and World Bank","Deaths per 100,000 live births",8,1,Total,2007-2010,UN_World Bank,Percent,9,1,Total,1990-2011,UN_World Bank,Percent,1.2,NA,Total,2011,UN_United Nations Population Division,Per 1000 population,13,NA
39,GAB,Gabon,Total 15-49 yr,2011,"UN_Joint United Nations Programme on HIV/AIDS (UNAIDS), Report on the Global AIDS Epidemic estimates, 2012",Percent,5,NA,Female 15-49 yr,2007-2012,"UN_Demographic and Health Surveys (DHS), Multiple Indicator Cluster Surveys (MICS) and other national surveys; United Nations Population Division",Percent,33,2,Total,2011,UN_United Nations Population Division,Thousand,1534,NA,Total,2010,"UN_WHO, UNICEF, UNFPA and World Bank","Deaths per 100,000 live births",230,1,Total,2007-2010,UN_World Bank,Percent,1,1,Total,1990-2011,UN_World Bank,Percent,-0.7,NA,Total,2011,UN_United Nations Population Division,Per 1000 population,27,NA
40,GMB,Gambia,Total 15-49 yr,2011,"UN_Joint United Nations Programme on HIV/AIDS (UNAIDS), Report on the Global AIDS Epidemic estimates, 2012",Percent,1.5,NA,Female 15-49 yr,2007-2012,"UN_Demographic and Health Surveys (DHS), Multiple Indicator Cluster Surveys (MICS) and other national surveys; United Nations Population Division",Percent,13,1,Total,2011,UN_United Nations Population Division,Thousand,1776,NA,Total,2010,"UN_WHO, UNICEF, UNFPA and World Bank","Deaths per 100,000 live births",360,1,Total,2007-2010,UN_World Bank,Percent,3,1,Total,1990-2011,UN_World Bank,Percent,0.9,NA,Total,2011,UN_United Nations Population Division,Per 1000 population,38,NA
41,GEO,Georgia,Total 15-49 yr,2011,"UN_Joint United Nations Programme on HIV/AIDS (UNAIDS), Report on the Global AIDS Epidemic estimates, 2012",Percent,0.2,NA,Female 15-49 yr,2007-2012,"UN_Demographic and Health Surveys (DHS), Multiple Indicator Cluster Surveys (MICS) and other national surveys; United Nations Population Division",Percent,53,1,Total,2011,UN_United Nations Population Division,Thousand,4329,NA,Total,2010,"UN_WHO, UNICEF, UNFPA and World Bank","Deaths per 100,000 live births",67,1,Total,2007-2010,UN_World Bank,Percent,3,1,Total,1990-2011,UN_World Bank,Percent,2.7,NA,Total,2011,UN_United Nations Population Division,Per 1000 population,12,NA
42,GHA,Ghana,Total 15-49 yr,2011,"UN_Joint United Nations Programme on HIV/AIDS (UNAIDS), Report on the Global AIDS Epidemic estimates, 2012",Percent,1.5,NA,Female 15-49 yr,2007-2012,"UN_Demographic and Health Surveys (DHS), Multiple Indicator Cluster Surveys (MICS) and other national surveys; United Nations Population Division",Percent,34,1,Total,2011,UN_United Nations Population Division,Thousand,24966,NA,Total,2010,"UN_WHO, UNICEF, UNFPA and World Bank","Deaths per 100,000 live births",350,1,Total,2007-2010,UN_World Bank,Percent,3,1,Total,1990-2011,UN_World Bank,Percent,2.5,NA,Total,2011,UN_United Nations Population Division,Per 1000 population,31,NA
43,GRC,Greece,Total 15-49 yr,2011,"UN_Joint United Nations Programme on HIV/AIDS (UNAIDS), Report on the Global AIDS Epidemic estimates, 2012",Percent,0.2,NA,Female 15-49 yr,2007-2012,"UN_Demographic and Health Surveys (DHS), Multiple Indicator Cluster Surveys (MICS) and other national surveys; United Nations Population Division",Percent,76,2,Total,2011,UN_United Nations Population Division,Thousand,11390,NA,Total,2010,"UN_WHO, UNICEF, UNFPA and World Bank","Deaths per 100,000 live births",3,1,Total,2007-2010,UN_World Bank,Percent,7,1,Total,1990-2011,UN_World Bank,Percent,2.2,NA,Total,2011,UN_United Nations Population Division,Per 1000 population,10,NA
44,GTM,Guatemala,Total 15-49 yr,2011,"UN_Joint United Nations Programme on HIV/AIDS (UNAIDS), Report on the Global AIDS Epidemic estimates, 2012",Percent,0.8,NA,Female 15-49 yr,2007-2012,"UN_Demographic and Health Surveys (DHS), Multiple Indicator Cluster Surveys (MICS) and other national surveys; United Nations Population Division",Percent,54,1,Total,2011,UN_United Nations Population Division,Thousand,14757,NA,Total,2010,"UN_WHO, UNICEF, UNFPA and World Bank","Deaths per 100,000 live births",120,1,Total,2007-2010,UN_World Bank,Percent,2,1,Total,1990-2011,UN_World Bank,Percent,1.3,NA,Total,2011,UN_United Nations Population Division,Per 1000 population,32,NA
45,GIN,Guinea,Total 15-49 yr,2011,"UN_Joint United Nations Programme on HIV/AIDS (UNAIDS), Report on the Global AIDS Epidemic estimates, 2012",Percent,1.4,NA,Female 15-49 yr,2007-2012,"UN_Demographic and Health Surveys (DHS), Multiple Indicator Cluster Surveys (MICS) and other national surveys; United Nations Population Division",Percent,9,2,Total,2011,UN_United Nations Population Division,Thousand,10222,NA,Total,2010,"UN_WHO, UNICEF, UNFPA and World Bank","Deaths per 100,000 live births",610,1,Total,2007-2010,UN_World Bank,Percent,1,1,Total,1990-2011,UN_World Bank,Percent,2.9,NA,Total,2011,UN_United Nations Population Division,Per 1000 population,38,NA
46,GNB,Guinea-Bissau,Total 15-49 yr,2011,"UN_Joint United Nations Programme on HIV/AIDS (UNAIDS), Report on the Global AIDS Epidemic estimates, 2012",Percent,2.5,NA,Female 15-49 yr,2007-2012,"UN_Demographic and Health Surveys (DHS), Multiple Indicator Cluster Surveys (MICS) and other national surveys; United Nations Population Division",Percent,14,1,Total,2011,UN_United Nations Population Division,Thousand,1547,NA,Total,2010,"UN_WHO, UNICEF, UNFPA and World Bank","Deaths per 100,000 live births",790,1,Total,2007-2010,UN_World Bank,Percent,2,1,Total,1990-2011,UN_World Bank,Percent,-1.2,NA,Total,2011,UN_United Nations Population Division,Per 1000 population,38,NA
47,GUY,Guyana,Total 15-49 yr,2011,"UN_Joint United Nations Programme on HIV/AIDS (UNAIDS), Report on the Global AIDS Epidemic estimates, 2012",Percent,1.1,NA,Female 15-49 yr,2007-2012,"UN_Demographic and Health Surveys (DHS), Multiple Indicator Cluster Surveys (MICS) and other national surveys; United Nations Population Division",Percent,43,1,Total,2011,UN_United Nations Population Division,Thousand,756,NA,Total,2010,"UN_WHO, UNICEF, UNFPA and World Bank","Deaths per 100,000 live births",280,1,Total,2007-2010,UN_World Bank,Percent,7,1,Total,1990-2011,UN_World Bank,Percent,2.8,1,Total,2011,UN_United Nations Population Division,Per 1000 population,18,NA
48,HTI,Haiti,Total 15-49 yr,2011,"UN_Joint United Nations Programme on HIV/AIDS (UNAIDS), Report on the Global AIDS Epidemic estimates, 2012",Percent,1.8,NA,Female 15-49 yr,2007-2012,"UN_Demographic and Health Surveys (DHS), Multiple Indicator Cluster Surveys (MICS) and other national surveys; United Nations Population Division",Percent,32,2,Total,2011,UN_United Nations Population Division,Thousand,10124,NA,Total,2010,"UN_WHO, UNICEF, UNFPA and World Bank","Deaths per 100,000 live births",350,1,Total,2007-2010,UN_World Bank,Percent,1,1,Total,1990-2011,UN_World Bank,Percent,-1,1,Total,2011,UN_United Nations Population Division,Per 1000 population,26,NA
49,IDN,Indonesia,Total 15-49 yr,2011,"UN_Joint United Nations Programme on HIV/AIDS (UNAIDS), Report on the Global AIDS Epidemic estimates, 2012",Percent,0.3,NA,Female 15-49 yr,2007-2012,"UN_Demographic and Health Surveys (DHS), Multiple Indicator Cluster Surveys (MICS) and other national surveys; United Nations Population Division",Percent,61,1,Total,2011,UN_United Nations Population Division,Thousand,242326,NA,Total,2010,"UN_WHO, UNICEF, UNFPA and World Bank","Deaths per 100,000 live births",220,1,Total,2007-2010,UN_World Bank,Percent,1,1,Total,1990-2011,UN_World Bank,Percent,2.7,NA,Total,2011,UN_United Nations Population Division,Per 1000 population,18,NA
50,IRN,Iran,Total 15-49 yr,2011,"UN_Joint United Nations Programme on HIV/AIDS (UNAIDS), Report on the Global AIDS Epidemic estimates, 2012",Percent,0.2,NA,Female 15-49 yr,2007-2012,"UN_Demographic and Health Surveys (DHS), Multiple Indicator Cluster Surveys (MICS) and other national surveys; United Nations Population Division",Percent,79,2,Total,2011,UN_United Nations Population Division,Thousand,74799,NA,Total,2010,"UN_WHO, UNICEF, UNFPA and World Bank","Deaths per 100,000 live births",21,1,Total,2007-2010,UN_World Bank,Percent,2,1,Total,1990-2011,UN_World Bank,Percent,2.7,1,Total,2011,UN_United Nations Population Division,Per 1000 population,17,NA
51,IRL,Ireland,Total 15-49 yr,2011,"UN_Joint United Nations Programme on HIV/AIDS (UNAIDS), Report on the Global AIDS Epidemic estimates, 2012",Percent,0.3,NA,Female 15-49 yr,2007-2012,"UN_Demographic and Health Surveys (DHS), Multiple Indicator Cluster Surveys (MICS) and other national surveys; United Nations Population Division",Percent,65,2,Total,2011,UN_United Nations Population Division,Thousand,4526,NA,Total,2010,"UN_WHO, UNICEF, UNFPA and World Bank","Deaths per 100,000 live births",6,1,Total,2007-2010,UN_World Bank,Percent,7,1,Total,1990-2011,UN_World Bank,Percent,0.6,1,Total,2011,UN_United Nations Population Division,Per 1000 population,16,NA
52,JAM,Jamaica,Total 15-49 yr,2011,"UN_Joint United Nations Programme on HIV/AIDS (UNAIDS), Report on the Global AIDS Epidemic estimates, 2012",Percent,1.8,NA,Female 15-49 yr,2007-2012,"UN_Demographic and Health Surveys (DHS), Multiple Indicator Cluster Surveys (MICS) and other national surveys; United Nations Population Division",Percent,72,1,Total,2011,UN_United Nations Population Division,Thousand,2751,NA,Total,2010,"UN_WHO, UNICEF, UNFPA and World Bank","Deaths per 100,000 live births",110,1,Total,2007-2010,UN_World Bank,Percent,3,1,Total,1990-2011,UN_World Bank,Percent,0.5,NA,Total,2011,UN_United Nations Population Division,Per 1000 population,18,NA
53,JPN,Japan,Total 15-49 yr,2011,"UN_Joint United Nations Programme on HIV/AIDS (UNAIDS), Report on the Global AIDS Epidemic estimates, 2012",Percent,0,NA,Female 15-49 yr,2007-2012,"UN_Demographic and Health Surveys (DHS), Multiple Indicator Cluster Surveys (MICS) and other national surveys; United Nations Population Division",Percent,54,2,Total,2011,UN_United Nations Population Division,Thousand,126497,NA,Total,2010,"UN_WHO, UNICEF, UNFPA and World Bank","Deaths per 100,000 live births",5,1,Total,2007-2010,UN_World Bank,Percent,7,1,Total,1990-2011,UN_World Bank,Percent,0.7,NA,Total,2011,UN_United Nations Population Division,Per 1000 population,8,NA
54,KAZ,Kazakhstan,Total 15-49 yr,2011,"UN_Joint United Nations Programme on HIV/AIDS (UNAIDS), Report on the Global AIDS Epidemic estimates, 2012",Percent,0.2,NA,Female 15-49 yr,2007-2012,"UN_Demographic and Health Surveys (DHS), Multiple Indicator Cluster Surveys (MICS) and other national surveys; United Nations Population Division",Percent,51,2,Total,2011,UN_United Nations Population Division,Thousand,16207,NA,Total,2010,"UN_WHO, UNICEF, UNFPA and World Bank","Deaths per 100,000 live births",51,1,Total,2007-2010,UN_World Bank,Percent,3,1,Total,1990-2011,UN_World Bank,Percent,4.1,NA,Total,2011,UN_United Nations Population Division,Per 1000 population,21,NA
55,KGZ,Kyrgyzstan,Total 15-49 yr,2011,"UN_Joint United Nations Programme on HIV/AIDS (UNAIDS), Report on the Global AIDS Epidemic estimates, 2012",Percent,0.4,NA,Female 15-49 yr,2007-2012,"UN_Demographic and Health Surveys (DHS), Multiple Indicator Cluster Surveys (MICS) and other national surveys; United Nations Population Division",Percent,48,2,Total,2011,UN_United Nations Population Division,Thousand,5393,NA,Total,2010,"UN_WHO, UNICEF, UNFPA and World Bank","Deaths per 100,000 live births",71,1,Total,2007-2010,UN_World Bank,Percent,3,1,Total,1990-2011,UN_World Bank,Percent,0.7,NA,Total,2011,UN_United Nations Population Division,Per 1000 population,24,NA
56,LAO,Laos,Total 15-49 yr,2011,"UN_Joint United Nations Programme on HIV/AIDS (UNAIDS), Report on the Global AIDS Epidemic estimates, 2012",Percent,0.3,NA,Female 15-49 yr,2007-2012,"UN_Demographic and Health Surveys (DHS), Multiple Indicator Cluster Surveys (MICS) and other national surveys; United Nations Population Division",Percent,38,2,Total,2011,UN_United Nations Population Division,Thousand,6288,NA,Total,2010,"UN_WHO, UNICEF, UNFPA and World Bank","Deaths per 100,000 live births",470,1,Total,2007-2010,UN_World Bank,Percent,1,1,Total,1990-2011,UN_World Bank,Percent,4.7,NA,Total,2011,UN_United Nations Population Division,Per 1000 population,22,NA
57,LBN,Lebanon,Total 15-49 yr,2011,"UN_Joint United Nations Programme on HIV/AIDS (UNAIDS), Report on the Global AIDS Epidemic estimates, 2012",Percent,0.1,NA,Female 15-49 yr,2007-2012,"UN_Demographic and Health Surveys (DHS), Multiple Indicator Cluster Surveys (MICS) and other national surveys; United Nations Population Division",Percent,54,1,Total,2011,UN_United Nations Population Division,Thousand,4259,NA,Total,2010,"UN_WHO, UNICEF, UNFPA and World Bank","Deaths per 100,000 live births",25,1,Total,2007-2010,UN_World Bank,Percent,4,1,Total,1990-2011,UN_World Bank,Percent,2.5,NA,Total,2011,UN_United Nations Population Division,Per 1000 population,15,NA
58,LSO,Lesotho,Total 15-49 yr,2011,"UN_Joint United Nations Programme on HIV/AIDS (UNAIDS), Report on the Global AIDS Epidemic estimates, 2012",Percent,23.3,NA,Female 15-49 yr,2007-2012,"UN_Demographic and Health Surveys (DHS), Multiple Indicator Cluster Surveys (MICS) and other national surveys; United Nations Population Division",Percent,47,1,Total,2011,UN_United Nations Population Division,Thousand,2194,NA,Total,2010,"UN_WHO, UNICEF, UNFPA and World Bank","Deaths per 100,000 live births",620,1,Total,2007-2010,UN_World Bank,Percent,5,1,Total,1990-2011,UN_World Bank,Percent,2.3,NA,Total,2011,UN_United Nations Population Division,Per 1000 population,28,NA
59,LBR,Liberia,Total 15-49 yr,2011,"UN_Joint United Nations Programme on HIV/AIDS (UNAIDS), Report on the Global AIDS Epidemic estimates, 2012",Percent,1,NA,Female 15-49 yr,2007-2012,"UN_Demographic and Health Surveys (DHS), Multiple Indicator Cluster Surveys (MICS) and other national surveys; United Nations Population Division",Percent,11,1,Total,2011,UN_United Nations Population Division,Thousand,4129,NA,Total,2010,"UN_WHO, UNICEF, UNFPA and World Bank","Deaths per 100,000 live births",770,1,Total,2007-2010,UN_World Bank,Percent,4,1,Total,1990-2011,UN_World Bank,Percent,5.5,NA,Total,2011,UN_United Nations Population Division,Per 1000 population,39,NA
60,MDG,Madagascar,Total 15-49 yr,2011,"UN_Joint United Nations Programme on HIV/AIDS (UNAIDS), Report on the Global AIDS Epidemic estimates, 2012",Percent,0.3,NA,Female 15-49 yr,2007-2012,"UN_Demographic and Health Surveys (DHS), Multiple Indicator Cluster Surveys (MICS) and other national surveys; United Nations Population Division",Percent,40,1,Total,2011,UN_United Nations Population Division,Thousand,21315,NA,Total,2010,"UN_WHO, UNICEF, UNFPA and World Bank","Deaths per 100,000 live births",240,1,Total,2007-2010,UN_World Bank,Percent,3,1,Total,1990-2011,UN_World Bank,Percent,-0.3,NA,Total,2011,UN_United Nations Population Division,Per 1000 population,35,NA
61,MWI,Malawi,Total 15-49 yr,2011,"UN_Joint United Nations Programme on HIV/AIDS (UNAIDS), Report on the Global AIDS Epidemic estimates, 2012",Percent,10,NA,Female 15-49 yr,2007-2012,"UN_Demographic and Health Surveys (DHS), Multiple Indicator Cluster Surveys (MICS) and other national surveys; United Nations Population Division",Percent,46,1,Total,2011,UN_United Nations Population Division,Thousand,15381,NA,Total,2010,"UN_WHO, UNICEF, UNFPA and World Bank","Deaths per 100,000 live births",460,1,Total,2007-2010,UN_World Bank,Percent,4,1,Total,1990-2011,UN_World Bank,Percent,1.3,NA,Total,2011,UN_United Nations Population Division,Per 1000 population,44,NA
62,MDV,Maldives,Total 15-49 yr,2011,"UN_Joint United Nations Programme on HIV/AIDS (UNAIDS), Report on the Global AIDS Epidemic estimates, 2012",Percent,0,NA,Female 15-49 yr,2007-2012,"UN_Demographic and Health Surveys (DHS), Multiple Indicator Cluster Surveys (MICS) and other national surveys; United Nations Population Division",Percent,35,1,Total,2011,UN_United Nations Population Division,Thousand,320,NA,Total,2010,"UN_WHO, UNICEF, UNFPA and World Bank","Deaths per 100,000 live births",60,1,Total,2007-2010,UN_World Bank,Percent,5,1,Total,1990-2011,UN_World Bank,Percent,5.8,1,Total,2011,UN_United Nations Population Division,Per 1000 population,17,NA
63,MLI,Mali,Total 15-49 yr,2011,"UN_Joint United Nations Programme on HIV/AIDS (UNAIDS), Report on the Global AIDS Epidemic estimates, 2012",Percent,1.1,NA,Female 15-49 yr,2007-2012,"UN_Demographic and Health Surveys (DHS), Multiple Indicator Cluster Surveys (MICS) and other national surveys; United Nations Population Division",Percent,8,2,Total,2011,UN_United Nations Population Division,Thousand,15840,NA,Total,2010,"UN_WHO, UNICEF, UNFPA and World Bank","Deaths per 100,000 live births",540,1,Total,2007-2010,UN_World Bank,Percent,3,1,Total,1990-2011,UN_World Bank,Percent,2.1,NA,Total,2011,UN_United Nations Population Division,Per 1000 population,46,NA
64,MRT,Mauritania,Total 15-49 yr,2011,"UN_Joint United Nations Programme on HIV/AIDS (UNAIDS), Report on the Global AIDS Epidemic estimates, 2012",Percent,1.1,NA,Female 15-49 yr,2007-2012,"UN_Demographic and Health Surveys (DHS), Multiple Indicator Cluster Surveys (MICS) and other national surveys; United Nations Population Division",Percent,9,1,Total,2011,UN_United Nations Population Division,Thousand,3542,NA,Total,2010,"UN_WHO, UNICEF, UNFPA and World Bank","Deaths per 100,000 live births",510,1,Total,2007-2010,UN_World Bank,Percent,2,1,Total,1990-2011,UN_World Bank,Percent,1.3,NA,Total,2011,UN_United Nations Population Division,Per 1000 population,33,NA
65,MUS,Mauritius,Total 15-49 yr,2011,"UN_Joint United Nations Programme on HIV/AIDS (UNAIDS), Report on the Global AIDS Epidemic estimates, 2012",Percent,1,NA,Female 15-49 yr,2007-2012,"UN_Demographic and Health Surveys (DHS), Multiple Indicator Cluster Surveys (MICS) and other national surveys; United Nations Population Division",Percent,76,2,Total,2011,UN_United Nations Population Division,Thousand,1307,NA,Total,2010,"UN_WHO, UNICEF, UNFPA and World Bank","Deaths per 100,000 live births",60,1,Total,2007-2010,UN_World Bank,Percent,2,1,Total,1990-2011,UN_World Bank,Percent,3.5,NA,Total,2011,UN_United Nations Population Division,Per 1000 population,13,NA
66,MEX,Mexico,Total 15-49 yr,2011,"UN_Joint United Nations Programme on HIV/AIDS (UNAIDS), Report on the Global AIDS Epidemic estimates, 2012",Percent,0.2,NA,Female 15-49 yr,2007-2012,"UN_Demographic and Health Surveys (DHS), Multiple Indicator Cluster Surveys (MICS) and other national surveys; United Nations Population Division",Percent,73,1,Total,2011,UN_United Nations Population Division,Thousand,114793,NA,Total,2010,"UN_WHO, UNICEF, UNFPA and World Bank","Deaths per 100,000 live births",50,1,Total,2007-2010,UN_World Bank,Percent,3,1,Total,1990-2011,UN_World Bank,Percent,1.3,NA,Total,2011,UN_United Nations Population Division,Per 1000 population,19,NA
67,MNG,Mongolia,Total 15-49 yr,2011,"UN_Joint United Nations Programme on HIV/AIDS (UNAIDS), Report on the Global AIDS Epidemic estimates, 2012",Percent,0,NA,Female 15-49 yr,2007-2012,"UN_Demographic and Health Surveys (DHS), Multiple Indicator Cluster Surveys (MICS) and other national surveys; United Nations Population Division",Percent,55,1,Total,2011,UN_United Nations Population Division,Thousand,2800,NA,Total,2010,"UN_WHO, UNICEF, UNFPA and World Bank","Deaths per 100,000 live births",63,1,Total,2007-2010,UN_World Bank,Percent,4,1,Total,1990-2011,UN_World Bank,Percent,3.3,NA,Total,2011,UN_United Nations Population Division,Per 1000 population,23,NA
68,MAR,Morocco,Total 15-49 yr,2011,"UN_Joint United Nations Programme on HIV/AIDS (UNAIDS), Report on the Global AIDS Epidemic estimates, 2012",Percent,0.2,NA,Female 15-49 yr,2007-2012,"UN_Demographic and Health Surveys (DHS), Multiple Indicator Cluster Surveys (MICS) and other national surveys; United Nations Population Division",Percent,67,1,Total,2011,UN_United Nations Population Division,Thousand,32273,NA,Total,2010,"UN_WHO, UNICEF, UNFPA and World Bank","Deaths per 100,000 live births",100,1,Total,2007-2010,UN_World Bank,Percent,2,1,Total,1990-2011,UN_World Bank,Percent,2.5,NA,Total,2011,UN_United Nations Population Division,Per 1000 population,19,NA
69,MOZ,Mozambique,Total 15-49 yr,2011,"UN_Joint United Nations Programme on HIV/AIDS (UNAIDS), Report on the Global AIDS Epidemic estimates, 2012",Percent,11.3,NA,Female 15-49 yr,2007-2012,"UN_Demographic and Health Surveys (DHS), Multiple Indicator Cluster Surveys (MICS) and other national surveys; United Nations Population Division",Percent,12,1,Total,2011,UN_United Nations Population Division,Thousand,23930,NA,Total,2010,"UN_WHO, UNICEF, UNFPA and World Bank","Deaths per 100,000 live births",490,1,Total,2007-2010,UN_World Bank,Percent,4,1,Total,1990-2011,UN_World Bank,Percent,4.3,NA,Total,2011,UN_United Nations Population Division,Per 1000 population,37,NA
70,MMR,Myanmar,Total 15-49 yr,2011,"UN_Joint United Nations Programme on HIV/AIDS (UNAIDS), Report on the Global AIDS Epidemic estimates, 2012",Percent,0.6,NA,Female 15-49 yr,2007-2012,"UN_Demographic and Health Surveys (DHS), Multiple Indicator Cluster Surveys (MICS) and other national surveys; United Nations Population Division",Percent,46,1,Total,2011,UN_United Nations Population Division,Thousand,48337,NA,Total,2010,"UN_WHO, UNICEF, UNFPA and World Bank","Deaths per 100,000 live births",200,1,Total,2007-2010,UN_World Bank,Percent,0,1,Total,1990-2011,UN_World Bank,Percent,7.4,1,Total,2011,UN_United Nations Population Division,Per 1000 population,17,NA
71,NAM,Namibia,Total 15-49 yr,2011,"UN_Joint United Nations Programme on HIV/AIDS (UNAIDS), Report on the Global AIDS Epidemic estimates, 2012",Percent,13.4,NA,Female 15-49 yr,2007-2012,"UN_Demographic and Health Surveys (DHS), Multiple Indicator Cluster Surveys (MICS) and other national surveys; United Nations Population Division",Percent,55,1,Total,2011,UN_United Nations Population Division,Thousand,2324,NA,Total,2010,"UN_WHO, UNICEF, UNFPA and World Bank","Deaths per 100,000 live births",200,1,Total,2007-2010,UN_World Bank,Percent,4,1,Total,1990-2011,UN_World Bank,Percent,1.9,NA,Total,2011,UN_United Nations Population Division,Per 1000 population,26,NA
72,NPL,Nepal,Total 15-49 yr,2011,"UN_Joint United Nations Programme on HIV/AIDS (UNAIDS), Report on the Global AIDS Epidemic estimates, 2012",Percent,0.3,NA,Female 15-49 yr,2007-2012,"UN_Demographic and Health Surveys (DHS), Multiple Indicator Cluster Surveys (MICS) and other national surveys; United Nations Population Division",Percent,50,1,Total,2011,UN_United Nations Population Division,Thousand,30486,NA,Total,2010,"UN_WHO, UNICEF, UNFPA and World Bank","Deaths per 100,000 live births",170,1,Total,2007-2010,UN_World Bank,Percent,2,1,Total,1990-2011,UN_World Bank,Percent,1.9,NA,Total,2011,UN_United Nations Population Division,Per 1000 population,24,NA
73,NLD,Netherlands,Total 15-49 yr,2011,"UN_Joint United Nations Programme on HIV/AIDS (UNAIDS), Report on the Global AIDS Epidemic estimates, 2012",Percent,0.2,NA,Female 15-49 yr,2007-2012,"UN_Demographic and Health Surveys (DHS), Multiple Indicator Cluster Surveys (MICS) and other national surveys; United Nations Population Division",Percent,69,1,Total,2011,UN_United Nations Population Division,Thousand,16665,NA,Total,2010,"UN_WHO, UNICEF, UNFPA and World Bank","Deaths per 100,000 live births",6,1,Total,2007-2010,UN_World Bank,Percent,8,1,Total,1990-2011,UN_World Bank,Percent,1.9,NA,Total,2011,UN_United Nations Population Division,Per 1000 population,11,NA
74,NIC,Nicaragua,Total 15-49 yr,2011,"UN_Joint United Nations Programme on HIV/AIDS (UNAIDS), Report on the Global AIDS Epidemic estimates, 2012",Percent,0.2,NA,Female 15-49 yr,2007-2012,"UN_Demographic and Health Surveys (DHS), Multiple Indicator Cluster Surveys (MICS) and other national surveys; United Nations Population Division",Percent,72,1,Total,2011,UN_United Nations Population Division,Thousand,5870,NA,Total,2010,"UN_WHO, UNICEF, UNFPA and World Bank","Deaths per 100,000 live births",95,1,Total,2007-2010,UN_World Bank,Percent,5,1,Total,1990-2011,UN_World Bank,Percent,1.9,NA,Total,2011,UN_United Nations Population Division,Per 1000 population,23,NA
75,NER,Niger,Total 15-49 yr,2011,"UN_Joint United Nations Programme on HIV/AIDS (UNAIDS), Report on the Global AIDS Epidemic estimates, 2012",Percent,0.8,NA,Female 15-49 yr,2007-2012,"UN_Demographic and Health Surveys (DHS), Multiple Indicator Cluster Surveys (MICS) and other national surveys; United Nations Population Division",Percent,18,1,Total,2011,UN_United Nations Population Division,Thousand,16069,NA,Total,2010,"UN_WHO, UNICEF, UNFPA and World Bank","Deaths per 100,000 live births",590,1,Total,2007-2010,UN_World Bank,Percent,3,1,Total,1990-2011,UN_World Bank,Percent,-0.2,NA,Total,2011,UN_United Nations Population Division,Per 1000 population,48,NA
76,NGA,Nigeria,Total 15-49 yr,2011,"UN_Joint United Nations Programme on HIV/AIDS (UNAIDS), Report on the Global AIDS Epidemic estimates, 2012",Percent,3.7,NA,Female 15-49 yr,2007-2012,"UN_Demographic and Health Surveys (DHS), Multiple Indicator Cluster Surveys (MICS) and other national surveys; United Nations Population Division",Percent,15,1,Total,2011,UN_United Nations Population Division,Thousand,162471,NA,Total,2010,"UN_WHO, UNICEF, UNFPA and World Bank","Deaths per 100,000 live births",630,1,Total,2007-2010,UN_World Bank,Percent,2,1,Total,1990-2011,UN_World Bank,Percent,2.1,NA,Total,2011,UN_United Nations Population Division,Per 1000 population,40,NA
77,NOR,Norway,Total 15-49 yr,2011,"UN_Joint United Nations Programme on HIV/AIDS (UNAIDS), Report on the Global AIDS Epidemic estimates, 2012",Percent,0.1,NA,Female 15-49 yr,2007-2012,"UN_Demographic and Health Surveys (DHS), Multiple Indicator Cluster Surveys (MICS) and other national surveys; United Nations Population Division",Percent,88,2,Total,2011,UN_United Nations Population Division,Thousand,4925,NA,Total,2010,"UN_WHO, UNICEF, UNFPA and World Bank","Deaths per 100,000 live births",7,1,Total,2007-2010,UN_World Bank,Percent,8,1,Total,1990-2011,UN_World Bank,Percent,2,NA,Total,2011,UN_United Nations Population Division,Per 1000 population,12,NA
78,PAK,Pakistan,Total 15-49 yr,2011,"UN_Joint United Nations Programme on HIV/AIDS (UNAIDS), Report on the Global AIDS Epidemic estimates, 2012",Percent,0.1,NA,Female 15-49 yr,2007-2012,"UN_Demographic and Health Surveys (DHS), Multiple Indicator Cluster Surveys (MICS) and other national surveys; United Nations Population Division",Percent,27,1,Total,2011,UN_United Nations Population Division,Thousand,176745,NA,Total,2010,"UN_WHO, UNICEF, UNFPA and World Bank","Deaths per 100,000 live births",260,1,Total,2007-2010,UN_World Bank,Percent,1,1,Total,1990-2011,UN_World Bank,Percent,1.9,NA,Total,2011,UN_United Nations Population Division,Per 1000 population,27,NA
79,PAN,Panama,Total 15-49 yr,2011,"UN_Joint United Nations Programme on HIV/AIDS (UNAIDS), Report on the Global AIDS Epidemic estimates, 2012",Percent,0.8,NA,Female 15-49 yr,2007-2012,"UN_Demographic and Health Surveys (DHS), Multiple Indicator Cluster Surveys (MICS) and other national surveys; United Nations Population Division",Percent,52,1,Total,2011,UN_United Nations Population Division,Thousand,3571,NA,Total,2010,"UN_WHO, UNICEF, UNFPA and World Bank","Deaths per 100,000 live births",92,1,Total,2007-2010,UN_World Bank,Percent,5,1,Total,1990-2011,UN_World Bank,Percent,3.4,NA,Total,2011,UN_United Nations Population Division,Per 1000 population,20,NA
80,PNG,Papua New Guinea,Total 15-49 yr,2011,"UN_Joint United Nations Programme on HIV/AIDS (UNAIDS), Report on the Global AIDS Epidemic estimates, 2012",Percent,0.7,NA,Female 15-49 yr,2007-2012,"UN_Demographic and Health Surveys (DHS), Multiple Indicator Cluster Surveys (MICS) and other national surveys; United Nations Population Division",Percent,32,2,Total,2011,UN_United Nations Population Division,Thousand,7014,NA,Total,2010,"UN_WHO, UNICEF, UNFPA and World Bank","Deaths per 100,000 live births",230,1,Total,2007-2010,UN_World Bank,Percent,2,1,Total,1990-2011,UN_World Bank,Percent,0.1,NA,Total,2011,UN_United Nations Population Division,Per 1000 population,30,NA
81,PRY,Paraguay,Total 15-49 yr,2011,"UN_Joint United Nations Programme on HIV/AIDS (UNAIDS), Report on the Global AIDS Epidemic estimates, 2012",Percent,0.3,NA,Female 15-49 yr,2007-2012,"UN_Demographic and Health Surveys (DHS), Multiple Indicator Cluster Surveys (MICS) and other national surveys; United Nations Population Division",Percent,79,1,Total,2011,UN_United Nations Population Division,Thousand,6568,NA,Total,2010,"UN_WHO, UNICEF, UNFPA and World Bank","Deaths per 100,000 live births",99,1,Total,2007-2010,UN_World Bank,Percent,3,1,Total,1990-2011,UN_World Bank,Percent,0.3,NA,Total,2011,UN_United Nations Population Division,Per 1000 population,24,NA
82,PER,Peru,Total 15-49 yr,2011,"UN_Joint United Nations Programme on HIV/AIDS (UNAIDS), Report on the Global AIDS Epidemic estimates, 2012",Percent,0.4,NA,Female 15-49 yr,2007-2012,"UN_Demographic and Health Surveys (DHS), Multiple Indicator Cluster Surveys (MICS) and other national surveys; United Nations Population Division",Percent,75,1,Total,2011,UN_United Nations Population Division,Thousand,29400,NA,Total,2010,"UN_WHO, UNICEF, UNFPA and World Bank","Deaths per 100,000 live births",67,1,Total,2007-2010,UN_World Bank,Percent,3,1,Total,1990-2011,UN_World Bank,Percent,3.2,NA,Total,2011,UN_United Nations Population Division,Per 1000 population,20,NA
83,PHL,Philippines,Total 15-49 yr,2011,"UN_Joint United Nations Programme on HIV/AIDS (UNAIDS), Report on the Global AIDS Epidemic estimates, 2012",Percent,0,NA,Female 15-49 yr,2007-2012,"UN_Demographic and Health Surveys (DHS), Multiple Indicator Cluster Surveys (MICS) and other national surveys; United Nations Population Division",Percent,51,1,Total,2011,UN_United Nations Population Division,Thousand,94852,NA,Total,2010,"UN_WHO, UNICEF, UNFPA and World Bank","Deaths per 100,000 live births",99,1,Total,2007-2010,UN_World Bank,Percent,1,1,Total,1990-2011,UN_World Bank,Percent,1.9,NA,Total,2011,UN_United Nations Population Division,Per 1000 population,25,NA
84,PRT,Portugal,Total 15-49 yr,2011,"UN_Joint United Nations Programme on HIV/AIDS (UNAIDS), Report on the Global AIDS Epidemic estimates, 2012",Percent,0.7,NA,Female 15-49 yr,2007-2012,"UN_Demographic and Health Surveys (DHS), Multiple Indicator Cluster Surveys (MICS) and other national surveys; United Nations Population Division",Percent,67,2,Total,2011,UN_United Nations Population Division,Thousand,10690,NA,Total,2010,"UN_WHO, UNICEF, UNFPA and World Bank","Deaths per 100,000 live births",8,1,Total,2007-2010,UN_World Bank,Percent,8,1,Total,1990-2011,UN_World Bank,Percent,1.5,NA,Total,2011,UN_United Nations Population Division,Per 1000 population,9,NA
85,KOR,South Korea,Total 15-49 yr,2011,"UN_Joint United Nations Programme on HIV/AIDS (UNAIDS), Report on the Global AIDS Epidemic estimates, 2012",Percent,0,NA,Female 15-49 yr,2007-2012,"UN_Demographic and Health Surveys (DHS), Multiple Indicator Cluster Surveys (MICS) and other national surveys; United Nations Population Division",Percent,80,1,Total,2011,UN_United Nations Population Division,Thousand,48391,NA,Total,2010,"UN_WHO, UNICEF, UNFPA and World Bank","Deaths per 100,000 live births",16,1,Total,2007-2010,UN_World Bank,Percent,4,1,Total,1990-2011,UN_World Bank,Percent,4.1,NA,Total,2011,UN_United Nations Population Division,Per 1000 population,10,NA
86,MDA,Moldova,Total 15-49 yr,2011,"UN_Joint United Nations Programme on HIV/AIDS (UNAIDS), Report on the Global AIDS Epidemic estimates, 2012",Percent,0.5,NA,Female 15-49 yr,2007-2012,"UN_Demographic and Health Surveys (DHS), Multiple Indicator Cluster Surveys (MICS) and other national surveys; United Nations Population Division",Percent,68,2,Total,2011,UN_United Nations Population Division,Thousand,3545,NA,Total,2010,"UN_WHO, UNICEF, UNFPA and World Bank","Deaths per 100,000 live births",41,1,Total,2007-2010,UN_World Bank,Percent,6,1,Total,1990-2011,UN_World Bank,Percent,-0.1,NA,Total,2011,UN_United Nations Population Division,Per 1000 population,12,NA
87,ROU,Romania,Total 15-49 yr,2011,"UN_Joint United Nations Programme on HIV/AIDS (UNAIDS), Report on the Global AIDS Epidemic estimates, 2012",Percent,0.1,NA,Female 15-49 yr,2007-2012,"UN_Demographic and Health Surveys (DHS), Multiple Indicator Cluster Surveys (MICS) and other national surveys; United Nations Population Division",Percent,70,2,Total,2011,UN_United Nations Population Division,Thousand,21436,NA,Total,2010,"UN_WHO, UNICEF, UNFPA and World Bank","Deaths per 100,000 live births",27,1,Total,2007-2010,UN_World Bank,Percent,4,1,Total,1990-2011,UN_World Bank,Percent,2.8,NA,Total,2011,UN_United Nations Population Division,Per 1000 population,10,NA
88,RWA,Rwanda,Total 15-49 yr,2011,"UN_Joint United Nations Programme on HIV/AIDS (UNAIDS), Report on the Global AIDS Epidemic estimates, 2012",Percent,2.9,NA,Female 15-49 yr,2007-2012,"UN_Demographic and Health Surveys (DHS), Multiple Indicator Cluster Surveys (MICS) and other national surveys; United Nations Population Division",Percent,52,1,Total,2011,UN_United Nations Population Division,Thousand,10943,NA,Total,2010,"UN_WHO, UNICEF, UNFPA and World Bank","Deaths per 100,000 live births",340,1,Total,2007-2010,UN_World Bank,Percent,5,1,Total,1990-2011,UN_World Bank,Percent,2.3,NA,Total,2011,UN_United Nations Population Division,Per 1000 population,41,NA
89,SEN,Senegal,Total 15-49 yr,2011,"UN_Joint United Nations Programme on HIV/AIDS (UNAIDS), Report on the Global AIDS Epidemic estimates, 2012",Percent,0.7,NA,Female 15-49 yr,2007-2012,"UN_Demographic and Health Surveys (DHS), Multiple Indicator Cluster Surveys (MICS) and other national surveys; United Nations Population Division",Percent,13,1,Total,2011,UN_United Nations Population Division,Thousand,12768,NA,Total,2010,"UN_WHO, UNICEF, UNFPA and World Bank","Deaths per 100,000 live births",370,1,Total,2007-2010,UN_World Bank,Percent,3,1,Total,1990-2011,UN_World Bank,Percent,1.1,NA,Total,2011,UN_United Nations Population Division,Per 1000 population,37,NA
90,SRB,Serbia,Total 15-49 yr,2011,"UN_Joint United Nations Programme on HIV/AIDS (UNAIDS), Report on the Global AIDS Epidemic estimates, 2012",Percent,0.1,NA,Female 15-49 yr,2007-2012,"UN_Demographic and Health Surveys (DHS), Multiple Indicator Cluster Surveys (MICS) and other national surveys; United Nations Population Division",Percent,61,1,Total,2011,UN_United Nations Population Division,Thousand,9854,NA,Total,2010,"UN_WHO, UNICEF, UNFPA and World Bank","Deaths per 100,000 live births",12,1,Total,2007-2010,UN_World Bank,Percent,6,1,Total,1990-2011,UN_World Bank,Percent,1.4,NA,Total,2011,UN_United Nations Population Division,Per 1000 population,11,NA
91,SLE,Sierra Leone,Total 15-49 yr,2011,"UN_Joint United Nations Programme on HIV/AIDS (UNAIDS), Report on the Global AIDS Epidemic estimates, 2012",Percent,1.6,NA,Female 15-49 yr,2007-2012,"UN_Demographic and Health Surveys (DHS), Multiple Indicator Cluster Surveys (MICS) and other national surveys; United Nations Population Division",Percent,11,1,Total,2011,UN_United Nations Population Division,Thousand,5997,NA,Total,2010,"UN_WHO, UNICEF, UNFPA and World Bank","Deaths per 100,000 live births",890,1,Total,2007-2010,UN_World Bank,Percent,1,1,Total,1990-2011,UN_World Bank,Percent,1.1,NA,Total,2011,UN_United Nations Population Division,Per 1000 population,38,NA
92,ZAF,South Africa,Total 15-49 yr,2011,"UN_Joint United Nations Programme on HIV/AIDS (UNAIDS), Report on the Global AIDS Epidemic estimates, 2012",Percent,17.3,NA,Female 15-49 yr,2007-2012,"UN_Demographic and Health Surveys (DHS), Multiple Indicator Cluster Surveys (MICS) and other national surveys; United Nations Population Division",Percent,60,2,Total,2011,UN_United Nations Population Division,Thousand,50460,NA,Total,2010,"UN_WHO, UNICEF, UNFPA and World Bank","Deaths per 100,000 live births",300,1,Total,2007-2010,UN_World Bank,Percent,3,1,Total,1990-2011,UN_World Bank,Percent,1.3,NA,Total,2011,UN_United Nations Population Division,Per 1000 population,21,NA
93,ESP,Spain,Total 15-49 yr,2011,"UN_Joint United Nations Programme on HIV/AIDS (UNAIDS), Report on the Global AIDS Epidemic estimates, 2012",Percent,0.4,NA,Female 15-49 yr,2007-2012,"UN_Demographic and Health Surveys (DHS), Multiple Indicator Cluster Surveys (MICS) and other national surveys; United Nations Population Division",Percent,66,2,Total,2011,UN_United Nations Population Division,Thousand,46455,NA,Total,2010,"UN_WHO, UNICEF, UNFPA and World Bank","Deaths per 100,000 live births",6,1,Total,2007-2010,UN_World Bank,Percent,7,1,Total,1990-2011,UN_World Bank,Percent,1.9,NA,Total,2011,UN_United Nations Population Division,Per 1000 population,11,NA
94,LKA,Sri Lanka,Total 15-49 yr,2011,"UN_Joint United Nations Programme on HIV/AIDS (UNAIDS), Report on the Global AIDS Epidemic estimates, 2012",Percent,0,NA,Female 15-49 yr,2007-2012,"UN_Demographic and Health Surveys (DHS), Multiple Indicator Cluster Surveys (MICS) and other national surveys; United Nations Population Division",Percent,68,1,Total,2011,UN_United Nations Population Division,Thousand,21045,NA,Total,2010,"UN_WHO, UNICEF, UNFPA and World Bank","Deaths per 100,000 live births",35,1,Total,2007-2010,UN_World Bank,Percent,2,1,Total,1990-2011,UN_World Bank,Percent,4.1,NA,Total,2011,UN_United Nations Population Division,Per 1000 population,18,NA
95,SUR,Suriname,Total 15-49 yr,2011,"UN_Joint United Nations Programme on HIV/AIDS (UNAIDS), Report on the Global AIDS Epidemic estimates, 2012",Percent,1,NA,Female 15-49 yr,2007-2012,"UN_Demographic and Health Surveys (DHS), Multiple Indicator Cluster Surveys (MICS) and other national surveys; United Nations Population Division",Percent,46,2,Total,2011,UN_United Nations Population Division,Thousand,529,NA,Total,2010,"UN_WHO, UNICEF, UNFPA and World Bank","Deaths per 100,000 live births",130,1,Total,2007-2010,UN_World Bank,Percent,4,1,Total,1990-2011,UN_World Bank,Percent,1.7,1,Total,2011,UN_United Nations Population Division,Per 1000 population,18,NA
96,SWZ,Swaziland,Total 15-49 yr,2011,"UN_Joint United Nations Programme on HIV/AIDS (UNAIDS), Report on the Global AIDS Epidemic estimates, 2012",Percent,26,NA,Female 15-49 yr,2007-2012,"UN_Demographic and Health Surveys (DHS), Multiple Indicator Cluster Surveys (MICS) and other national surveys; United Nations Population Division",Percent,65,1,Total,2011,UN_United Nations Population Division,Thousand,1203,NA,Total,2010,"UN_WHO, UNICEF, UNFPA and World Bank","Deaths per 100,000 live births",320,1,Total,2007-2010,UN_World Bank,Percent,4,1,Total,1990-2011,UN_World Bank,Percent,1.8,NA,Total,2011,UN_United Nations Population Division,Per 1000 population,29,NA
97,TJK,Tajikistan,Total 15-49 yr,2011,"UN_Joint United Nations Programme on HIV/AIDS (UNAIDS), Report on the Global AIDS Epidemic estimates, 2012",Percent,0.3,NA,Female 15-49 yr,2007-2012,"UN_Demographic and Health Surveys (DHS), Multiple Indicator Cluster Surveys (MICS) and other national surveys; United Nations Population Division",Percent,37,1,Total,2011,UN_United Nations Population Division,Thousand,6977,NA,Total,2010,"UN_WHO, UNICEF, UNFPA and World Bank","Deaths per 100,000 live births",65,1,Total,2007-2010,UN_World Bank,Percent,2,1,Total,1990-2011,UN_World Bank,Percent,0.2,NA,Total,2011,UN_United Nations Population Division,Per 1000 population,28,NA
98,THA,Thailand,Total 15-49 yr,2011,"UN_Joint United Nations Programme on HIV/AIDS (UNAIDS), Report on the Global AIDS Epidemic estimates, 2012",Percent,1.2,NA,Female 15-49 yr,2007-2012,"UN_Demographic and Health Surveys (DHS), Multiple Indicator Cluster Surveys (MICS) and other national surveys; United Nations Population Division",Percent,80,1,Total,2011,UN_United Nations Population Division,Thousand,69519,NA,Total,2010,"UN_WHO, UNICEF, UNFPA and World Bank","Deaths per 100,000 live births",48,1,Total,2007-2010,UN_World Bank,Percent,3,1,Total,1990-2011,UN_World Bank,Percent,2.8,NA,Total,2011,UN_United Nations Population Division,Per 1000 population,12,NA
99,TGO,Togo,Total 15-49 yr,2011,"UN_Joint United Nations Programme on HIV/AIDS (UNAIDS), Report on the Global AIDS Epidemic estimates, 2012",Percent,3.4,NA,Female 15-49 yr,2007-2012,"UN_Demographic and Health Surveys (DHS), Multiple Indicator Cluster Surveys (MICS) and other national surveys; United Nations Population Division",Percent,15,1,Total,2011,UN_United Nations Population Division,Thousand,6155,NA,Total,2010,"UN_WHO, UNICEF, UNFPA and World Bank","Deaths per 100,000 live births",300,1,Total,2007-2010,UN_World Bank,Percent,1,1,Total,1990-2011,UN_World Bank,Percent,-0.1,NA,Total,2011,UN_United Nations Population Division,Per 1000 population,32,NA
100,TTO,Trinidad,Total 15-49 yr,2011,"UN_Joint United Nations Programme on HIV/AIDS (UNAIDS), Report on the Global AIDS Epidemic estimates, 2012",Percent,1.5,NA,Female 15-49 yr,2007-2012,"UN_Demographic and Health Surveys (DHS), Multiple Indicator Cluster Surveys (MICS) and other national surveys; United Nations Population Division",Percent,43,2,Total,2011,UN_United Nations Population Division,Thousand,1346,NA,Total,2010,"UN_WHO, UNICEF, UNFPA and World Bank","Deaths per 100,000 live births",46,1,Total,2007-2010,UN_World Bank,Percent,3,1,Total,1990-2011,UN_World Bank,Percent,4.8,NA,Total,2011,UN_United Nations Population Division,Per 1000 population,15,NA
101,TUN,Tunisia,Total 15-49 yr,2011,"UN_Joint United Nations Programme on HIV/AIDS (UNAIDS), Report on the Global AIDS Epidemic estimates, 2012",Percent,0,NA,Female 15-49 yr,2007-2012,"UN_Demographic and Health Surveys (DHS), Multiple Indicator Cluster Surveys (MICS) and other national surveys; United Nations Population Division",Percent,60,2,Total,2011,UN_United Nations Population Division,Thousand,10594,NA,Total,2010,"UN_WHO, UNICEF, UNFPA and World Bank","Deaths per 100,000 live births",56,1,Total,2007-2010,UN_World Bank,Percent,3,1,Total,1990-2011,UN_World Bank,Percent,3.3,NA,Total,2011,UN_United Nations Population Division,Per 1000 population,17,NA
102,TUR,Turkey,Total 15-49 yr,2011,"UN_Joint United Nations Programme on HIV/AIDS (UNAIDS), Report on the Global AIDS Epidemic estimates, 2012",Percent,0,NA,Female 15-49 yr,2007-2012,"UN_Demographic and Health Surveys (DHS), Multiple Indicator Cluster Surveys (MICS) and other national surveys; United Nations Population Division",Percent,73,1,Total,2011,UN_United Nations Population Division,Thousand,73640,NA,Total,2010,"UN_WHO, UNICEF, UNFPA and World Bank","Deaths per 100,000 live births",20,1,Total,2007-2010,UN_World Bank,Percent,5,1,Total,1990-2011,UN_World Bank,Percent,2.4,NA,Total,2011,UN_United Nations Population Division,Per 1000 population,18,NA
103,UGA,Uganda,Total 15-49 yr,2011,"UN_Joint United Nations Programme on HIV/AIDS (UNAIDS), Report on the Global AIDS Epidemic estimates, 2012",Percent,7.2,NA,Female 15-49 yr,2007-2012,"UN_Demographic and Health Surveys (DHS), Multiple Indicator Cluster Surveys (MICS) and other national surveys; United Nations Population Division",Percent,30,1,Total,2011,UN_United Nations Population Division,Thousand,34509,NA,Total,2010,"UN_WHO, UNICEF, UNFPA and World Bank","Deaths per 100,000 live births",310,1,Total,2007-2010,UN_World Bank,Percent,2,1,Total,1990-2011,UN_World Bank,Percent,3.7,NA,Total,2011,UN_United Nations Population Division,Per 1000 population,45,NA
104,UKR,Ukraine,Total 15-49 yr,2011,"UN_Joint United Nations Programme on HIV/AIDS (UNAIDS), Report on the Global AIDS Epidemic estimates, 2012",Percent,0.8,NA,Female 15-49 yr,2007-2012,"UN_Demographic and Health Surveys (DHS), Multiple Indicator Cluster Surveys (MICS) and other national surveys; United Nations Population Division",Percent,67,1,Total,2011,UN_United Nations Population Division,Thousand,45190,NA,Total,2010,"UN_WHO, UNICEF, UNFPA and World Bank","Deaths per 100,000 live births",32,1,Total,2007-2010,UN_World Bank,Percent,4,1,Total,1990-2011,UN_World Bank,Percent,0.6,NA,Total,2011,UN_United Nations Population Division,Per 1000 population,11,NA
105,GBR,UK,Total 15-49 yr,2011,"UN_Joint United Nations Programme on HIV/AIDS (UNAIDS), Report on the Global AIDS Epidemic estimates, 2012",Percent,0.3,NA,Female 15-49 yr,2007-2012,"UN_Demographic and Health Surveys (DHS), Multiple Indicator Cluster Surveys (MICS) and other national surveys; United Nations Population Division",Percent,84,1,Total,2011,UN_United Nations Population Division,Thousand,62417,NA,Total,2010,"UN_WHO, UNICEF, UNFPA and World Bank","Deaths per 100,000 live births",12,1,Total,2007-2010,UN_World Bank,Percent,8,1,Total,1990-2011,UN_World Bank,Percent,2.4,NA,Total,2011,UN_United Nations Population Division,Per 1000 population,12,NA
106,TZA,Tanzania,Total 15-49 yr,2011,"UN_Joint United Nations Programme on HIV/AIDS (UNAIDS), Report on the Global AIDS Epidemic estimates, 2012",Percent,5.8,NA,Female 15-49 yr,2007-2012,"UN_Demographic and Health Surveys (DHS), Multiple Indicator Cluster Surveys (MICS) and other national surveys; United Nations Population Division",Percent,34,1,Total,2011,UN_United Nations Population Division,Thousand,46218,NA,Total,2010,"UN_WHO, UNICEF, UNFPA and World Bank","Deaths per 100,000 live births",460,1,Total,2007-2010,UN_World Bank,Percent,3,1,Total,1990-2011,UN_World Bank,Percent,2.5,NA,Total,2011,UN_United Nations Population Division,Per 1000 population,41,NA
107,USA,USA,Total 15-49 yr,2011,"UN_Joint United Nations Programme on HIV/AIDS (UNAIDS), Report on the Global AIDS Epidemic estimates, 2012",Percent,0.6,NA,Female 15-49 yr,2007-2012,"UN_Demographic and Health Surveys (DHS), Multiple Indicator Cluster Surveys (MICS) and other national surveys; United Nations Population Division",Percent,79,1,Total,2011,UN_United Nations Population Division,Thousand,313085,NA,Total,2010,"UN_WHO, UNICEF, UNFPA and World Bank","Deaths per 100,000 live births",21,1,Total,2007-2010,UN_World Bank,Percent,8,1,Total,1990-2011,UN_World Bank,Percent,1.7,NA,Total,2011,UN_United Nations Population Division,Per 1000 population,14,NA
108,URY,Uruguay,Total 15-49 yr,2011,"UN_Joint United Nations Programme on HIV/AIDS (UNAIDS), Report on the Global AIDS Epidemic estimates, 2012",Percent,0.6,NA,Female 15-49 yr,2007-2012,"UN_Demographic and Health Surveys (DHS), Multiple Indicator Cluster Surveys (MICS) and other national surveys; United Nations Population Division",Percent,78,2,Total,2011,UN_United Nations Population Division,Thousand,3380,NA,Total,2010,"UN_WHO, UNICEF, UNFPA and World Bank","Deaths per 100,000 live births",29,1,Total,2007-2010,UN_World Bank,Percent,5,1,Total,1990-2011,UN_World Bank,Percent,2.1,NA,Total,2011,UN_United Nations Population Division,Per 1000 population,15,NA
109,VNM,Vietnam,Total 15-49 yr,2011,"UN_Joint United Nations Programme on HIV/AIDS (UNAIDS), Report on the Global AIDS Epidemic estimates, 2012",Percent,0.5,NA,Female 15-49 yr,2007-2012,"UN_Demographic and Health Surveys (DHS), Multiple Indicator Cluster Surveys (MICS) and other national surveys; United Nations Population Division",Percent,78,1,Total,2011,UN_United Nations Population Division,Thousand,88792,NA,Total,2010,"UN_WHO, UNICEF, UNFPA and World Bank","Deaths per 100,000 live births",59,1,Total,2007-2010,UN_World Bank,Percent,3,1,Total,1990-2011,UN_World Bank,Percent,6,NA,Total,2011,UN_United Nations Population Division,Per 1000 population,16,NA
110,YEM,Yemen,Total 15-49 yr,2011,"UN_Joint United Nations Programme on HIV/AIDS (UNAIDS), Report on the Global AIDS Epidemic estimates, 2012",Percent,0.2,NA,Female 15-49 yr,2007-2012,"UN_Demographic and Health Surveys (DHS), Multiple Indicator Cluster Surveys (MICS) and other national surveys; United Nations Population Division",Percent,28,2,Total,2011,UN_United Nations Population Division,Thousand,24800,NA,Total,2010,"UN_WHO, UNICEF, UNFPA and World Bank","Deaths per 100,000 live births",200,1,Total,2007-2010,UN_World Bank,Percent,2,1,Total,1990-2011,UN_World Bank,Percent,1.1,NA,Total,2011,UN_United Nations Population Division,Per 1000 population,38,NA
111,RNR,Zambia,Total 15-49 yr,2011,"UN_Joint United Nations Programme on HIV/AIDS (UNAIDS), Report on the Global AIDS Epidemic estimates, 2012",Percent,12.5,NA,Female 15-49 yr,2007-2012,"UN_Demographic and Health Surveys (DHS), Multiple Indicator Cluster Surveys (MICS) and other national surveys; United Nations Population Division",Percent,41,1,Total,2011,UN_United Nations Population Division,Thousand,13475,NA,Total,2010,"UN_WHO, UNICEF, UNFPA and World Bank","Deaths per 100,000 live births",440,1,Total,2007-2010,UN_World Bank,Percent,4,1,Total,1990-2011,UN_World Bank,Percent,0.8,NA,Total,2011,UN_United Nations Population Division,Per 1000 population,46,NA
